DateOfCall,IncidentCount,DATE,TX,Q_TX,TN,Q_TN,TG,Q_TG,SS,Q_SS,SD,Q_SD,RR,Q_RR,QQ,Q_QQ,PP,Q_PP,HU,Q_HU,CC,Q_CC,IsWeekend,weekday,IsBankHoliday
2023-01-01,402,2023-01-01,93.0,1,100.0,1,112.0,1,0.0,0,0.0,0,46.0,0,21.0,0,10080.0,0,81.0,0,7.0,0,1,Sunday,0
2023-01-02,293,2023-01-02,134.0,0,52.0,0,72.0,0,52.0,0,0.0,0,4.0,0,44.0,0,10169.0,0,86.0,0,3.0,0,0,Monday,1
2023-01-03,267,2023-01-03,139.0,0,21.0,0,78.0,0,0.0,0,0.0,0,30.0,0,9.0,0,10186.0,0,93.0,0,7.0,0,0,Tuesday,0
2023-01-04,285,2023-01-04,135.0,0,92.0,0,116.0,0,4.0,0,0.0,0,2.0,0,17.0,0,10146.0,0,82.0,0,6.0,0,0,Wednesday,0
2023-01-05,305,2023-01-05,127.0,0,89.0,0,112.0,0,4.0,0,0.0,0,24.0,0,28.0,0,10186.0,0,82.0,0,8.0,0,0,Thursday,0
2023-01-06,302,2023-01-06,114.0,0,63.0,0,95.0,0,22.0,0,0.0,0,6.0,0,34.0,0,10138.0,0,87.0,0,4.0,0,0,Friday,0
2023-01-07,313,2023-01-07,95.0,0,67.0,0,91.0,0,0.0,0,0.0,0,32.0,0,8.0,0,10006.0,0,84.0,0,7.0,0,1,Saturday,0
2023-01-08,283,2023-01-08,96.0,0,65.0,0,80.0,0,2.0,0,0.0,0,72.0,0,14.0,0,9928.0,0,87.0,0,6.0,0,1,Sunday,0
2023-01-09,293,2023-01-09,130.0,0,44.0,0,70.0,0,24.0,0,0.0,0,20.0,0,38.0,0,10014.0,0,80.0,0,4.0,0,0,Monday,0
2023-01-10,331,2023-01-10,122.0,0,39.0,0,84.0,0,0.0,0,0.0,0,36.0,0,10.0,0,10083.0,0,89.0,0,7.0,0,0,Tuesday,0
2023-01-11,289,2023-01-11,127.0,0,68.0,0,95.0,0,31.0,0,0.0,0,40.0,0,27.0,0,10085.0,0,81.0,0,5.0,0,0,Wednesday,0
2023-01-12,297,2023-01-12,115.0,0,72.0,0,99.0,0,1.0,0,0.0,0,38.0,0,14.0,0,10031.0,0,83.0,0,7.0,0,0,Thursday,0
2023-01-13,278,2023-01-13,126.0,0,72.0,0,93.0,0,49.0,0,0.0,0,84.0,0,44.0,0,10088.0,0,72.0,0,2.0,0,0,Friday,0
2023-01-14,278,2023-01-14,82.0,1,60.0,0,93.0,1,1.0,0,0.0,0,16.0,0,19.0,0,10006.0,0,84.0,0,8.0,0,1,Saturday,0
2023-01-15,272,2023-01-15,53.0,1,38.0,0,60.0,1,25.0,0,0.0,0,108.0,0,33.0,0,9984.0,0,77.0,0,4.0,0,1,Sunday,0
2023-01-16,335,2023-01-16,8.0,1,27.0,1,40.0,1,11.0,0,0.0,0,0.0,0,28.0,0,9864.0,0,83.0,0,6.0,0,0,Monday,0
2023-01-17,337,2023-01-17,52.0,0,-50.0,0,-21.0,0,7.0,0,0.0,0,0.0,0,35.0,0,9899.0,0,86.0,0,4.0,0,0,Tuesday,0
2023-01-18,355,2023-01-18,56.0,0,-38.0,0,7.0,0,60.0,0,0.0,0,0.0,0,60.0,0,9983.0,0,84.0,0,2.0,0,0,Wednesday,0
2023-01-19,372,2023-01-19,63.0,0,-27.0,0,14.0,0,60.0,0,0.0,0,0.0,0,62.0,0,10082.0,0,83.0,0,3.0,0,0,Thursday,0
2023-01-20,337,2023-01-20,62.0,0,-13.0,0,25.0,0,53.0,0,0.0,0,2.0,0,52.0,0,10192.0,0,79.0,0,2.0,0,0,Friday,0
2023-01-21,357,2023-01-21,37.0,0,-14.0,0,24.0,0,64.0,0,0.0,0,0.0,0,58.0,0,10325.0,0,84.0,0,1.0,0,1,Saturday,0
2023-01-22,380,2023-01-22,52.0,0,-47.0,0,-5.0,0,36.0,0,0.0,0,0.0,0,50.0,0,10359.0,0,94.0,0,1.0,0,1,Sunday,0
2023-01-23,403,2023-01-23,50.0,0,-84.0,0,-16.0,0,63.0,0,0.0,0,2.0,0,64.0,0,10379.0,0,85.0,0,4.0,0,0,Monday,0
2023-01-24,347,2023-01-24,61.0,0,-51.0,0,-1.0,0,29.0,0,0.0,0,0.0,0,45.0,0,10391.0,0,81.0,0,5.0,0,0,Tuesday,0
2023-01-25,319,2023-01-25,80.0,0,-33.0,0,14.0,0,0.0,0,0.0,0,28.0,0,18.0,0,10333.0,0,97.0,0,7.0,0,0,Wednesday,0
2023-01-26,322,2023-01-26,73.0,0,-6.0,0,37.0,0,8.0,0,0.0,0,0.0,0,34.0,0,10305.0,0,83.0,0,6.0,0,0,Thursday,0
2023-01-27,325,2023-01-27,62.0,0,39.0,0,56.0,0,2.0,0,0.0,0,0.0,0,37.0,0,10309.0,0,79.0,0,6.0,0,0,Friday,0
2023-01-28,310,2023-01-28,89.0,0,17.0,0,40.0,0,0.0,0,0.0,0,0.0,0,30.0,0,10321.0,0,76.0,0,8.0,0,1,Saturday,0
2023-01-29,300,2023-01-29,99.0,0,35.0,0,62.0,0,0.0,0,0.0,0,0.0,0,25.0,0,10267.0,0,88.0,0,6.0,0,1,Sunday,0
2023-01-30,322,2023-01-30,125.0,0,50.0,0,75.0,0,56.0,0,0.0,0,0.0,0,65.0,0,10251.0,0,74.0,0,3.0,0,0,Monday,0
2023-01-31,322,2023-01-31,104.0,0,33.0,0,79.0,0,18.0,0,0.0,0,0.0,0,40.0,0,10251.0,0,75.0,0,6.0,0,0,Tuesday,0
2023-02-01,340,2023-02-01,114.0,0,43.0,0,73.0,0,25.0,0,0.0,0,0.0,0,50.0,0,10251.0,0,75.0,0,5.0,0,0,Wednesday,0
2023-02-02,330,2023-02-02,136.0,0,60.0,0,87.0,0,4.0,0,0.0,0,0.0,0,37.0,0,10273.0,0,80.0,0,7.0,0,0,Thursday,0
2023-02-03,330,2023-02-03,94.0,1,77.0,0,107.0,1,40.0,0,0.0,0,0.0,0,61.0,0,10315.0,0,81.0,0,6.0,0,0,Friday,0
2023-02-04,359,2023-02-04,89.0,0,81.0,0,88.0,0,1.0,0,0.0,0,0.0,0,23.0,0,10382.0,0,82.0,0,8.0,0,1,Saturday,0
2023-02-05,327,2023-02-05,116.0,0,33.0,0,61.0,0,61.0,0,0.0,0,0.0,0,71.0,0,10447.0,0,74.0,0,2.0,0,1,Sunday,0
2023-02-06,328,2023-02-06,88.0,0,8.0,0,62.0,0,81.0,0,0.0,0,0.0,0,87.0,0,10421.0,0,74.0,0,3.0,0,0,Monday,0
2023-02-07,331,2023-02-07,83.0,0,-17.0,0,35.0,0,51.0,0,0.0,0,0.0,0,77.0,0,10390.0,0,83.0,0,2.0,0,0,Tuesday,0
2023-02-08,308,2023-02-08,109.0,0,-39.0,0,22.0,0,80.0,0,0.0,0,0.0,0,95.0,0,10348.0,0,83.0,0,1.0,0,0,Wednesday,0
2023-02-09,343,2023-02-09,91.0,0,-20.0,0,45.0,0,45.0,0,0.0,0,0.0,0,72.0,0,10329.0,0,80.0,0,4.0,0,0,Thursday,0
2023-02-10,297,2023-02-10,103.0,0,-19.0,0,36.0,0,46.0,0,0.0,0,0.0,0,77.0,0,10367.0,0,82.0,0,4.0,0,0,Friday,0
2023-02-11,329,2023-02-11,87.0,0,12.0,0,58.0,0,0.0,0,0.0,0,0.0,0,25.0,0,10368.0,0,79.0,0,8.0,0,1,Saturday,0
2023-02-12,326,2023-02-12,126.0,0,71.0,0,79.0,0,0.0,0,0.0,0,0.0,0,20.0,0,10374.0,0,79.0,0,8.0,0,1,Sunday,0
2023-02-13,326,2023-02-13,122.0,0,31.0,0,78.0,0,83.0,0,0.0,0,0.0,0,99.0,0,10341.0,0,77.0,0,3.0,0,0,Monday,0
2023-02-14,318,2023-02-14,156.0,0,-2.0,0,60.0,0,49.0,0,0.0,0,2.0,0,81.0,0,10308.0,0,86.0,0,3.0,0,0,Tuesday,0
2023-02-15,328,2023-02-15,134.0,0,12.0,0,84.0,0,74.0,0,0.0,0,4.0,0,94.0,0,10235.0,0,79.0,0,5.0,0,0,Wednesday,0
2023-02-16,307,2023-02-16,152.0,0,60.0,0,97.0,0,0.0,0,0.0,0,0.0,0,38.0,0,10202.0,0,88.0,0,7.0,0,0,Thursday,0
2023-02-17,355,2023-02-17,128.0,0,93.0,0,122.0,0,5.0,0,0.0,0,0.0,0,49.0,0,10216.0,0,84.0,0,8.0,0,0,Friday,0
2023-02-18,304,2023-02-18,138.0,0,103.0,0,116.0,0,0.0,0,0.0,0,2.0,0,23.0,0,10215.0,0,81.0,0,8.0,0,1,Saturday,0
2023-02-19,285,2023-02-19,138.0,0,64.0,0,101.0,0,59.0,0,0.0,0,0.0,0,94.0,0,10264.0,0,74.0,0,3.0,0,1,Sunday,0
2023-02-20,314,2023-02-20,98.0,0,59.0,0,98.0,0,18.0,0,0.0,0,0.0,0,62.0,0,10242.0,0,83.0,0,7.0,0,0,Monday,0
2023-02-21,254,2023-02-21,97.0,0,75.0,0,87.0,0,0.0,0,0.0,0,30.0,0,28.0,0,10180.0,0,88.0,0,8.0,0,0,Tuesday,0
2023-02-22,278,2023-02-22,89.0,0,57.0,0,77.0,0,0.0,0,0.0,0,4.0,0,31.0,0,10120.0,0,88.0,0,8.0,0,0,Wednesday,0
2023-02-23,284,2023-02-23,107.0,0,58.0,0,73.0,0,3.0,0,0.0,0,0.0,0,46.0,0,10183.0,0,80.0,0,7.0,0,0,Thursday,0
2023-02-24,356,2023-02-24,82.0,0,-13.0,0,47.0,0,16.0,0,0.0,0,0.0,0,59.0,0,10142.0,0,78.0,0,6.0,0,0,Friday,0
2023-02-25,307,2023-02-25,82.0,0,33.0,0,58.0,0,14.0,0,0.0,0,0.0,0,66.0,0,10176.0,0,73.0,0,5.0,0,1,Saturday,0
2023-02-26,308,2023-02-26,87.0,0,12.0,0,47.0,0,36.0,0,0.0,0,0.0,0,87.0,0,10272.0,0,66.0,0,3.0,0,1,Sunday,0
2023-02-27,318,2023-02-27,80.0,0,1.0,0,44.0,0,19.0,0,0.0,0,0.0,0,70.0,0,10318.0,0,71.0,0,4.0,0,0,Monday,0
2023-02-28,323,2023-02-28,86.0,0,12.0,0,46.0,0,3.0,0,0.0,0,0.0,0,36.0,0,10327.0,0,80.0,0,5.0,0,0,Tuesday,0
2023-03-01,291,2023-03-01,96.0,0,40.0,0,63.0,0,14.0,0,0.0,0,0.0,0,56.0,0,10292.0,0,77.0,0,8.0,0,0,Wednesday,0
2023-03-02,310,2023-03-02,69.0,0,15.0,0,55.0,0,80.0,0,0.0,0,0.0,0,130.0,0,10261.0,0,70.0,0,3.0,0,0,Thursday,0
2023-03-03,337,2023-03-03,72.0,0,35.0,0,52.0,0,0.0,0,0.0,0,0.0,0,41.0,0,10291.0,0,69.0,0,8.0,0,0,Friday,0
2023-03-04,334,2023-03-04,54.0,1,46.0,0,59.0,1,0.0,0,0.0,0,0.0,0,44.0,0,10295.0,0,67.0,0,8.0,0,1,Saturday,0
2023-03-05,301,2023-03-05,101.0,0,32.0,0,43.0,0,0.0,0,0.0,0,0.0,0,41.0,0,10193.0,0,67.0,0,8.0,0,1,Sunday,0
2023-03-06,283,2023-03-06,57.0,0,3.0,0,52.0,0,1.0,0,0.0,0,56.0,0,63.0,0,10061.0,0,81.0,0,8.0,0,0,Monday,0
2023-03-07,282,2023-03-07,38.0,0,19.0,0,38.0,0,2.0,0,0.0,0,52.0,0,56.0,0,10003.0,0,86.0,0,7.0,0,0,Tuesday,0
2023-03-08,302,2023-03-08,116.0,0,5.0,0,21.0,0,0.0,0,0.0,0,102.0,0,27.0,0,9916.0,0,93.0,0,8.0,0,0,Wednesday,0
2023-03-09,358,2023-03-09,56.0,1,14.0,0,65.0,1,0.0,0,0.0,0,58.0,0,40.0,0,9910.0,0,95.0,0,8.0,0,0,Thursday,0
2023-03-10,348,2023-03-10,101.0,0,27.0,0,42.0,0,7.0,0,0.0,0,0.0,0,70.0,0,9971.0,0,81.0,0,7.0,0,0,Friday,0
2023-03-11,351,2023-03-11,142.0,0,-22.0,0,40.0,0,40.0,0,0.0,0,12.0,0,119.0,0,10095.0,0,77.0,0,7.0,0,1,Saturday,0
2023-03-12,303,2023-03-12,145.0,0,32.0,0,87.0,0,13.0,0,0.0,0,10.0,0,74.0,0,10057.0,0,87.0,0,6.0,0,1,Sunday,0
2023-03-13,357,2023-03-13,103.0,1,99.0,0,122.0,1,15.0,0,0.0,0,20.0,0,86.0,0,9905.0,0,78.0,0,8.0,0,0,Monday,0
2023-03-14,336,2023-03-14,102.0,0,41.0,0,72.0,0,52.0,0,0.0,0,2.0,0,135.0,0,10032.0,0,69.0,0,5.0,0,0,Tuesday,0
2023-03-15,274,2023-03-15,140.0,0,0.0,0,51.0,0,26.0,0,0.0,0,34.0,0,96.0,0,10157.0,0,85.0,0,4.0,0,0,Wednesday,0
2023-03-16,317,2023-03-16,152.0,0,41.0,0,91.0,0,15.0,0,0.0,0,4.0,0,93.0,0,10062.0,0,82.0,0,7.0,0,0,Thursday,0
2023-03-17,313,2023-03-17,154.0,0,100.0,0,126.0,0,25.0,0,0.0,0,22.0,0,73.0,0,10039.0,0,86.0,0,7.0,0,0,Friday,0
2023-03-18,291,2023-03-18,111.0,1,89.0,0,122.0,1,25.0,0,0.0,0,18.0,0,104.0,0,10062.0,0,87.0,0,7.0,0,1,Saturday,0
2023-03-19,289,2023-03-19,133.0,0,59.0,0,85.0,0,19.0,0,0.0,0,2.0,0,93.0,0,10159.0,0,74.0,0,7.0,0,1,Sunday,0
2023-03-20,337,2023-03-20,148.0,0,76.0,0,104.0,0,0.0,0,0.0,0,26.0,0,43.0,0,10166.0,0,87.0,0,8.0,0,0,Monday,0
2023-03-21,281,2023-03-21,158.0,0,88.0,0,118.0,0,18.0,0,0.0,0,12.0,0,85.0,0,10089.0,0,82.0,0,8.0,0,0,Tuesday,0
2023-03-22,304,2023-03-22,155.0,0,102.0,0,130.0,0,15.0,0,0.0,0,10.0,0,101.0,0,10009.0,0,80.0,0,7.0,0,0,Wednesday,0
2023-03-23,294,2023-03-23,146.0,0,88.0,0,122.0,0,29.0,0,0.0,0,32.0,0,113.0,0,9970.0,0,79.0,0,7.0,0,0,Thursday,0
2023-03-24,288,2023-03-24,149.0,0,75.0,0,111.0,0,38.0,0,0.0,0,110.0,0,121.0,0,9981.0,0,83.0,0,5.0,0,0,Friday,0
2023-03-25,308,2023-03-25,92.0,1,75.0,0,112.0,1,59.0,0,0.0,0,68.0,0,159.0,0,10036.0,0,71.0,0,6.0,0,1,Saturday,0
2023-03-26,259,2023-03-26,119.0,0,63.0,0,78.0,0,0.0,0,0.0,0,4.0,0,57.0,0,10078.0,0,81.0,0,8.0,0,1,Sunday,0
2023-03-27,319,2023-03-27,110.0,0,41.0,0,80.0,0,71.0,0,0.0,0,2.0,0,181.0,0,10252.0,0,58.0,0,6.0,0,0,Monday,0
2023-03-28,272,2023-03-28,140.0,0,43.0,0,77.0,0,0.0,0,0.0,0,20.0,0,46.0,0,10188.0,0,80.0,0,8.0,0,0,Tuesday,0
2023-03-29,326,2023-03-29,165.0,0,70.0,0,105.0,0,0.0,0,0.0,0,64.0,0,38.0,0,10087.0,0,91.0,0,8.0,0,0,Wednesday,0
2023-03-30,303,2023-03-30,153.0,0,103.0,0,134.0,0,35.0,0,0.0,0,72.0,0,144.0,0,10030.0,0,79.0,0,7.0,0,0,Thursday,0
2023-03-31,333,2023-03-31,119.0,1,99.0,0,126.0,1,3.0,0,0.0,0,112.0,0,64.0,0,9891.0,0,91.0,0,8.0,0,0,Friday,0
2023-04-01,290,2023-04-01,116.0,0,88.0,0,103.0,0,6.0,0,0.0,0,0.0,0,87.0,0,10069.0,0,82.0,0,8.0,0,1,Saturday,0
2023-04-02,295,2023-04-02,123.0,0,65.0,0,91.0,0,44.0,0,0.0,0,0.0,0,108.0,0,10259.0,0,70.0,0,5.0,0,1,Sunday,0
2023-04-03,320,2023-04-03,149.0,0,12.0,0,68.0,0,81.0,0,0.0,0,0.0,0,202.0,0,10301.0,0,68.0,0,2.0,0,0,Monday,0
2023-04-04,338,2023-04-04,143.0,0,3.0,0,76.0,0,118.0,0,0.0,0,0.0,0,241.0,0,10273.0,0,60.0,0,0.0,0,0,Tuesday,0
2023-04-05,355,2023-04-05,150.0,0,43.0,0,93.0,0,30.0,0,0.0,0,34.0,0,141.0,0,10208.0,0,73.0,0,7.0,0,0,Wednesday,0
2023-04-06,265,2023-04-06,159.0,0,87.0,0,118.0,0,19.0,0,0.0,0,24.0,0,104.0,0,10145.0,0,83.0,0,6.0,0,0,Thursday,0
2023-04-07,358,2023-04-07,159.0,0,41.0,0,100.0,0,106.0,0,0.0,0,0.0,0,236.0,0,10209.0,0,62.0,0,3.0,0,0,Friday,1
2023-04-08,321,2023-04-08,164.0,0,39.0,0,99.0,0,92.0,0,0.0,0,0.0,0,214.0,0,10255.0,0,70.0,0,2.0,0,1,Saturday,0
2023-04-09,332,2023-04-09,160.0,0,53.0,0,108.0,0,75.0,0,0.0,0,62.0,0,205.0,0,10214.0,0,71.0,0,6.0,0,1,Sunday,0
2023-04-10,250,2023-04-10,133.0,0,101.0,0,131.0,0,39.0,0,0.0,0,56.0,0,125.0,0,10101.0,0,76.0,0,7.0,0,0,Monday,1
2023-04-11,274,2023-04-11,122.0,0,59.0,0,96.0,0,40.0,0,0.0,0,82.0,0,123.0,0,10086.0,0,77.0,0,5.0,0,0,Tuesday,0
2023-04-12,302,2023-04-12,140.0,0,48.0,0,85.0,0,45.0,0,0.0,0,8.0,0,172.0,0,9936.0,0,76.0,0,7.0,0,0,Wednesday,0
2023-04-13,286,2023-04-13,106.0,0,58.0,0,99.0,0,96.0,0,0.0,0,12.0,0,220.0,0,10019.0,0,63.0,0,4.0,0,0,Thursday,0
2023-04-14,305,2023-04-14,160.0,0,36.0,0,71.0,0,4.0,0,0.0,0,62.0,0,112.0,0,10046.0,0,85.0,0,7.0,0,0,Friday,0
2023-04-15,301,2023-04-15,161.0,0,67.0,0,113.0,0,51.0,0,0.0,0,0.0,0,172.0,0,10183.0,0,75.0,0,7.0,0,1,Saturday,0
2023-04-16,290,2023-04-16,175.0,0,77.0,0,119.0,0,34.0,0,0.0,0,0.0,0,173.0,0,10262.0,0,69.0,0,7.0,0,1,Sunday,0
2023-04-17,307,2023-04-17,132.0,1,104.0,0,139.0,1,57.0,0,0.0,0,0.0,0,182.0,0,10277.0,0,72.0,0,5.0,0,0,Monday,0
2023-04-18,322,2023-04-18,167.0,0,75.0,0,103.0,0,37.0,0,0.0,0,0.0,0,118.0,0,10277.0,0,71.0,0,7.0,0,0,Tuesday,0
2023-04-19,281,2023-04-19,162.0,0,78.0,0,122.0,0,73.0,0,0.0,0,0.0,0,182.0,0,10250.0,0,67.0,0,3.0,0,0,Wednesday,0
2023-04-20,280,2023-04-20,114.0,0,43.0,0,102.0,0,95.0,0,0.0,0,16.0,0,246.0,0,10211.0,0,65.0,0,2.0,0,0,Thursday,0
2023-04-21,296,2023-04-21,146.0,0,63.0,0,88.0,0,16.0,0,0.0,0,38.0,0,96.0,0,10124.0,0,82.0,0,6.0,0,0,Friday,0
2023-04-22,317,2023-04-22,153.0,0,30.0,0,88.0,0,41.0,0,0.0,0,6.0,0,146.0,0,10056.0,0,76.0,0,6.0,0,1,Saturday,0
2023-04-23,284,2023-04-23,128.0,0,84.0,0,118.0,0,16.0,0,0.0,0,60.0,0,119.0,0,10014.0,0,79.0,0,7.0,0,1,Sunday,0
2023-04-24,316,2023-04-24,124.0,0,58.0,0,93.0,0,37.0,0,0.0,0,118.0,0,150.0,0,10102.0,0,81.0,0,7.0,0,0,Monday,0
2023-04-25,309,2023-04-25,115.0,0,24.0,0,74.0,0,89.0,0,0.0,0,0.0,0,233.0,0,10184.0,0,60.0,0,4.0,0,0,Tuesday,0
2023-04-26,328,2023-04-26,151.0,0,48.0,0,82.0,0,0.0,0,0.0,0,0.0,0,85.0,0,10185.0,0,65.0,0,8.0,0,0,Wednesday,0
2023-04-27,325,2023-04-27,186.0,0,55.0,0,103.0,0,0.0,0,0.0,0,80.0,0,88.0,0,10148.0,0,78.0,0,6.0,0,0,Thursday,0
2023-04-28,330,2023-04-28,191.0,0,95.0,0,141.0,0,16.0,0,0.0,0,0.0,0,141.0,0,10117.0,0,81.0,0,7.0,0,0,Friday,0
2023-04-29,375,2023-04-29,178.0,0,62.0,0,127.0,0,93.0,0,0.0,0,0.0,0,240.0,0,10206.0,0,73.0,0,2.0,0,1,Saturday,0
2023-04-30,319,2023-04-30,181.0,0,61.0,0,119.0,0,61.0,0,0.0,0,0.0,0,195.0,0,10210.0,0,71.0,0,4.0,0,1,Sunday,0
2023-05-01,277,2023-05-01,151.0,0,105.0,0,143.0,0,38.0,0,0.0,0,34.0,0,163.0,0,10184.0,0,72.0,0,6.0,0,0,Monday,1
2023-05-02,295,2023-05-02,156.0,0,91.0,0,121.0,0,19.0,0,0.0,0,0.0,0,117.0,0,10264.0,0,76.0,0,5.0,0,0,Tuesday,0
2023-05-03,332,2023-05-03,190.0,0,55.0,0,106.0,0,128.0,0,0.0,0,0.0,0,299.0,0,10257.0,0,69.0,0,0.0,0,0,Wednesday,0
2023-05-04,332,2023-05-04,195.0,0,77.0,0,133.0,0,49.0,0,0.0,0,0.0,0,183.0,0,10151.0,0,72.0,0,6.0,0,0,Thursday,0
2023-05-05,336,2023-05-05,145.0,1,113.0,0,154.0,1,67.0,0,0.0,0,18.0,0,221.0,0,10140.0,0,71.0,0,5.0,0,0,Friday,0
2023-05-06,290,2023-05-06,206.0,0,98.0,0,122.0,0,0.0,0,0.0,0,56.0,0,71.0,0,10138.0,0,92.0,0,7.0,0,1,Saturday,0
2023-05-07,355,2023-05-07,150.0,1,122.0,0,164.0,1,39.0,0,0.0,0,0.0,0,148.0,0,10174.0,0,77.0,0,5.0,0,1,Sunday,0
2023-05-08,312,2023-05-08,182.0,0,102.0,0,126.0,0,0.0,0,0.0,0,90.0,0,82.0,0,10189.0,0,89.0,0,6.0,0,0,Monday,0
2023-05-09,360,2023-05-09,180.0,0,123.0,0,152.0,0,10.0,0,0.0,0,64.0,0,132.0,0,10109.0,0,87.0,0,7.0,0,0,Tuesday,0
2023-05-10,322,2023-05-10,188.0,0,92.0,0,136.0,0,66.0,0,0.0,0,96.0,0,213.0,0,10129.0,0,82.0,0,6.0,0,0,Wednesday,0
2023-05-11,325,2023-05-11,138.0,0,89.0,0,138.0,0,58.0,0,0.0,0,0.0,0,197.0,0,10161.0,0,74.0,0,5.0,0,0,Thursday,0
2023-05-12,297,2023-05-12,140.0,0,95.0,0,117.0,0,12.0,0,0.0,0,2.0,0,109.0,0,10228.0,0,84.0,0,7.0,0,0,Friday,0
2023-05-13,305,2023-05-13,214.0,0,94.0,0,117.0,0,0.0,0,0.0,0,0.0,0,100.0,0,10263.0,0,84.0,0,8.0,0,1,Saturday,0
2023-05-14,350,2023-05-14,170.0,0,84.0,0,149.0,0,65.0,0,0.0,0,24.0,0,242.0,0,10206.0,0,71.0,0,6.0,0,1,Sunday,0
2023-05-15,340,2023-05-15,175.0,0,98.0,0,134.0,0,88.0,0,0.0,0,0.0,0,251.0,0,10204.0,0,62.0,0,5.0,0,0,Monday,0
2023-05-16,329,2023-05-16,190.0,0,68.0,0,122.0,0,87.0,0,0.0,0,0.0,0,259.0,0,10253.0,0,62.0,0,2.0,0,0,Tuesday,0
2023-05-17,312,2023-05-17,204.0,0,75.0,0,132.0,0,59.0,0,0.0,0,0.0,0,204.0,0,10284.0,0,68.0,0,4.0,0,0,Wednesday,0
2023-05-18,342,2023-05-18,179.0,0,91.0,0,148.0,0,71.0,0,0.0,0,0.0,0,234.0,0,10281.0,0,61.0,0,7.0,0,0,Thursday,0
2023-05-19,326,2023-05-19,201.0,0,101.0,0,140.0,0,23.0,0,0.0,0,0.0,0,180.0,0,10272.0,0,67.0,0,6.0,0,0,Friday,0
2023-05-20,345,2023-05-20,197.0,0,71.0,0,136.0,0,76.0,0,0.0,0,0.0,0,255.0,0,10252.0,0,62.0,0,3.0,0,1,Saturday,0
2023-05-21,321,2023-05-21,197.0,0,85.0,0,141.0,0,58.0,0,0.0,0,0.0,0,219.0,0,10218.0,0,62.0,0,4.0,0,1,Sunday,0
2023-05-22,321,2023-05-22,189.0,0,120.0,0,158.0,0,39.0,0,0.0,0,0.0,0,149.0,0,10216.0,0,56.0,0,5.0,0,0,Monday,0
2023-05-23,334,2023-05-23,219.0,0,91.0,0,140.0,0,67.0,0,0.0,0,0.0,0,230.0,0,10267.0,0,62.0,0,2.0,0,0,Tuesday,0
2023-05-24,345,2023-05-24,194.0,0,86.0,0,152.0,0,128.0,0,0.0,0,0.0,0,308.0,0,10259.0,0,64.0,0,1.0,0,0,Wednesday,0
2023-05-25,309,2023-05-25,204.0,0,116.0,0,155.0,0,93.0,0,0.0,0,0.0,0,292.0,0,10294.0,0,63.0,0,4.0,0,0,Thursday,0
2023-05-26,344,2023-05-26,221.0,0,87.0,0,146.0,0,121.0,0,0.0,0,0.0,0,335.0,0,10313.0,0,60.0,0,2.0,0,0,Friday,0
2023-05-27,348,2023-05-27,227.0,0,84.0,0,152.0,0,137.0,0,0.0,0,0.0,0,336.0,0,10263.0,0,64.0,0,0.0,0,1,Saturday,0
2023-05-28,367,2023-05-28,184.0,0,90.0,0,158.0,0,119.0,0,0.0,0,0.0,0,312.0,0,10234.0,0,55.0,0,1.0,0,1,Sunday,0
2023-05-29,382,2023-05-29,186.0,0,83.0,0,133.0,0,118.0,0,0.0,0,0.0,0,317.0,0,10277.0,0,58.0,0,1.0,0,0,Monday,1
2023-05-30,342,2023-05-30,196.0,0,91.0,0,138.0,0,72.0,0,0.0,0,0.0,0,284.0,0,10294.0,0,66.0,0,5.0,0,0,Tuesday,0
2023-05-31,298,2023-05-31,198.0,0,103.0,0,149.0,0,59.0,0,0.0,0,0.0,0,235.0,0,10270.0,0,71.0,0,6.0,0,0,Wednesday,0
2023-06-01,362,2023-06-01,194.0,0,99.0,0,148.0,0,71.0,0,0.0,0,0.0,0,251.0,0,10255.0,0,70.0,0,6.0,0,0,Thursday,0
2023-06-02,357,2023-06-02,228.0,0,105.0,0,149.0,0,91.0,0,0.0,0,0.0,0,292.0,0,10245.0,0,59.0,0,5.0,0,0,Friday,0
2023-06-03,344,2023-06-03,229.0,0,74.0,0,151.0,0,88.0,0,0.0,0,0.0,0,275.0,0,10235.0,0,64.0,0,3.0,0,1,Saturday,0
2023-06-04,369,2023-06-04,188.0,0,91.0,0,160.0,0,139.0,0,0.0,0,0.0,0,0.0,1,10239.0,0,57.0,0,0.0,0,1,Sunday,0
2023-06-05,366,2023-06-05,180.0,0,95.0,0,142.0,0,58.0,0,0.0,0,0.0,0,226.0,0,10245.0,0,66.0,0,6.0,0,0,Monday,0
2023-06-06,304,2023-06-06,227.0,0,114.0,0,147.0,0,31.0,0,0.0,0,0.0,0,169.0,0,10236.0,0,66.0,0,7.0,0,0,Tuesday,0
2023-06-07,327,2023-06-07,234.0,0,106.0,0,166.0,0,94.0,0,0.0,0,0.0,0,289.0,0,10218.0,0,67.0,0,4.0,0,0,Wednesday,0
2023-06-08,371,2023-06-08,270.0,0,103.0,0,169.0,0,119.0,0,0.0,0,0.0,0,325.0,0,10184.0,0,62.0,0,2.0,0,0,Thursday,0
2023-06-09,402,2023-06-09,310.0,0,117.0,0,194.0,0,116.0,0,0.0,0,0.0,0,317.0,0,10140.0,0,64.0,0,2.0,0,0,Friday,0
2023-06-10,451,2023-06-10,312.0,0,131.0,0,221.0,0,120.0,0,0.0,0,0.0,0,290.0,0,10131.0,0,58.0,0,1.0,0,1,Saturday,0
2023-06-11,447,2023-06-11,287.0,0,165.0,0,239.0,0,76.0,0,0.0,0,128.0,0,209.0,0,10138.0,0,66.0,0,4.0,0,1,Sunday,0
2023-06-12,476,2023-06-12,288.0,0,169.0,0,228.0,0,60.0,0,0.0,0,266.0,0,237.0,0,10144.0,0,77.0,0,5.0,0,0,Monday,0
2023-06-13,411,2023-06-13,287.0,0,142.0,0,215.0,0,142.0,0,0.0,0,0.0,0,339.0,0,10143.0,0,52.0,0,0.0,0,0,Tuesday,0
2023-06-14,424,2023-06-14,275.0,0,114.0,0,201.0,0,130.0,0,0.0,0,0.0,0,322.0,0,10174.0,0,51.0,0,0.0,0,0,Wednesday,0
2023-06-15,361,2023-06-15,281.0,0,141.0,0,208.0,0,118.0,0,0.0,0,0.0,0,300.0,0,10200.0,0,54.0,0,1.0,0,0,Thursday,0
2023-06-16,402,2023-06-16,262.0,0,152.0,0,216.0,0,122.0,0,0.0,0,0.0,0,326.0,0,10191.0,0,48.0,0,1.0,0,0,Friday,0
2023-06-17,388,2023-06-17,271.0,0,146.0,0,204.0,0,75.0,0,0.0,0,10.0,0,253.0,0,10141.0,0,56.0,0,4.0,0,1,Saturday,0
2023-06-18,336,2023-06-18,250.0,0,168.0,0,219.0,0,41.0,0,0.0,0,26.0,0,188.0,0,10090.0,0,76.0,0,7.0,0,1,Sunday,0
2023-06-19,356,2023-06-19,229.0,0,145.0,0,198.0,0,92.0,0,0.0,0,40.0,0,285.0,0,10105.0,0,71.0,0,4.0,0,0,Monday,0
2023-06-20,360,2023-06-20,258.0,0,169.0,0,199.0,0,39.0,0,0.0,0,0.0,0,166.0,0,10082.0,0,74.0,0,6.0,0,0,Tuesday,0
2023-06-21,352,2023-06-21,290.0,0,154.0,0,206.0,0,100.0,0,0.0,0,0.0,0,268.0,0,10159.0,0,67.0,0,3.0,0,0,Wednesday,0
2023-06-22,369,2023-06-22,276.0,0,145.0,0,218.0,0,96.0,0,0.0,0,0.0,0,301.0,0,10188.0,0,65.0,0,4.0,0,0,Thursday,0
2023-06-23,369,2023-06-23,292.0,0,164.0,0,220.0,0,103.0,0,0.0,0,0.0,0,299.0,0,10233.0,0,63.0,0,2.0,0,0,Friday,0
2023-06-24,423,2023-06-24,313.0,0,160.0,0,226.0,0,81.0,0,0.0,0,0.0,0,267.0,0,10227.0,0,66.0,0,4.0,0,1,Saturday,0
2023-06-25,447,2023-06-25,233.0,1,159.0,0,236.0,1,130.0,0,0.0,0,0.0,0,333.0,0,10145.0,0,56.0,0,1.0,0,1,Sunday,0
2023-06-26,384,2023-06-26,232.0,0,139.0,0,186.0,0,81.0,0,0.0,0,0.0,0,254.0,0,10198.0,0,58.0,0,3.0,0,0,Monday,0
2023-06-27,363,2023-06-27,266.0,0,144.0,0,188.0,0,23.0,0,0.0,0,0.0,0,178.0,0,10209.0,0,65.0,0,7.0,0,0,Tuesday,0
2023-06-28,364,2023-06-28,230.0,0,183.0,0,224.0,0,7.0,0,0.0,0,90.0,0,112.0,0,10170.0,0,75.0,0,8.0,0,0,Wednesday,0
2023-06-29,352,2023-06-29,194.0,0,150.0,0,190.0,0,48.0,0,0.0,0,2.0,0,208.0,0,10160.0,0,70.0,0,7.0,0,0,Thursday,0
2023-06-30,356,2023-06-30,232.0,0,118.0,0,156.0,0,11.0,0,0.0,0,6.0,0,128.0,0,10119.0,0,74.0,0,6.0,0,0,Friday,0
2023-07-01,319,2023-07-01,222.0,0,158.0,0,195.0,0,24.0,0,0.0,0,0.0,0,198.0,0,10064.0,0,68.0,0,8.0,0,1,Saturday,0
2023-07-02,349,2023-07-02,216.0,0,120.0,0,171.0,0,76.0,0,0.0,0,0.0,0,263.0,0,10117.0,0,59.0,0,4.0,0,1,Sunday,0
2023-07-03,365,2023-07-03,187.0,0,122.0,0,169.0,0,57.0,0,0.0,0,0.0,0,220.0,0,10110.0,0,61.0,0,6.0,0,0,Monday,0
2023-07-04,330,2023-07-04,216.0,0,136.0,0,161.0,0,9.0,0,0.0,0,202.0,0,99.0,0,10100.0,0,79.0,0,8.0,0,0,Tuesday,0
2023-07-05,342,2023-07-05,228.0,0,100.0,0,158.0,0,58.0,0,0.0,0,4.0,0,221.0,0,10113.0,0,71.0,0,5.0,0,0,Wednesday,0
2023-07-06,367,2023-07-06,297.0,0,112.0,0,170.0,0,71.0,0,0.0,0,0.0,0,249.0,0,10160.0,0,61.0,0,4.0,0,0,Thursday,0
2023-07-07,387,2023-07-07,268.0,0,103.0,0,200.0,0,138.0,0,0.0,0,0.0,0,335.0,0,10153.0,0,52.0,0,0.0,0,0,Friday,0
2023-07-08,366,2023-07-08,246.0,0,194.0,0,231.0,0,32.0,0,0.0,0,4.0,0,157.0,0,10150.0,0,65.0,0,5.0,0,1,Saturday,0
2023-07-09,368,2023-07-09,252.0,0,164.0,0,205.0,0,41.0,0,0.0,0,0.0,0,203.0,0,10191.0,0,68.0,0,6.0,0,1,Sunday,0
2023-07-10,350,2023-07-10,236.0,0,138.0,0,195.0,0,74.0,0,0.0,0,8.0,0,246.0,0,10189.0,0,68.0,0,5.0,0,0,Monday,0
2023-07-11,338,2023-07-11,232.0,0,167.0,0,201.0,0,25.0,0,0.0,0,0.0,0,193.0,0,10100.0,0,71.0,0,8.0,0,0,Tuesday,0
2023-07-12,346,2023-07-12,234.0,0,136.0,0,184.0,0,65.0,0,0.0,0,0.0,0,232.0,0,10117.0,0,68.0,0,5.0,0,0,Wednesday,0
2023-07-13,364,2023-07-13,201.0,0,133.0,0,184.0,0,29.0,0,0.0,0,6.0,0,182.0,0,10160.0,0,71.0,0,5.0,0,0,Thursday,0
2023-07-14,330,2023-07-14,224.0,0,145.0,0,173.0,0,0.0,0,0.0,0,72.0,0,56.0,0,10081.0,0,88.0,0,8.0,0,0,Friday,0
2023-07-15,420,2023-07-15,229.0,0,154.0,0,189.0,0,68.0,0,0.0,0,0.0,0,260.0,0,10010.0,0,72.0,0,8.0,0,1,Saturday,0
2023-07-16,308,2023-07-16,241.0,0,143.0,0,186.0,0,47.0,0,0.0,0,18.0,0,209.0,0,10097.0,0,66.0,0,6.0,0,1,Sunday,0
2023-07-17,364,2023-07-17,243.0,0,126.0,0,184.0,0,106.0,0,0.0,0,2.0,0,311.0,0,10177.0,0,65.0,0,3.0,0,0,Monday,0
2023-07-18,375,2023-07-18,237.0,0,124.0,0,184.0,0,34.0,0,0.0,0,4.0,0,212.0,0,10180.0,0,65.0,0,7.0,0,0,Tuesday,0
2023-07-19,330,2023-07-19,236.0,0,153.0,0,195.0,0,45.0,0,0.0,0,0.0,0,222.0,0,10152.0,0,65.0,0,7.0,0,0,Wednesday,0
2023-07-20,382,2023-07-20,220.0,0,125.0,0,181.0,0,82.0,0,0.0,0,0.0,0,262.0,0,10154.0,0,58.0,0,5.0,0,0,Thursday,0
2023-07-21,386,2023-07-21,200.0,0,123.0,0,171.0,0,58.0,0,0.0,0,0.0,0,208.0,0,10142.0,0,61.0,0,4.0,0,0,Friday,0
2023-07-22,335,2023-07-22,243.0,0,135.0,0,168.0,0,0.0,0,0.0,0,90.0,0,78.0,0,10104.0,0,83.0,0,8.0,0,1,Saturday,0
2023-07-23,335,2023-07-23,177.0,1,150.0,0,196.0,1,78.0,0,0.0,0,8.0,0,236.0,0,10032.0,0,75.0,0,5.0,0,1,Sunday,0
2023-07-24,321,2023-07-24,219.0,0,147.0,0,162.0,0,0.0,0,0.0,0,4.0,0,106.0,0,10058.0,0,81.0,0,8.0,0,0,Monday,0
2023-07-25,340,2023-07-25,237.0,0,126.0,0,172.0,0,75.0,0,0.0,0,0.0,0,237.0,0,10108.0,0,64.0,0,6.0,0,0,Tuesday,0
2023-07-26,348,2023-07-26,229.0,0,111.0,0,174.0,0,76.0,0,0.0,0,110.0,0,221.0,0,10118.0,0,72.0,0,4.0,0,0,Wednesday,0
2023-07-27,403,2023-07-27,239.0,0,151.0,0,190.0,0,5.0,0,0.0,0,0.0,0,129.0,0,10035.0,0,84.0,0,8.0,0,0,Thursday,0
2023-07-28,339,2023-07-28,250.0,0,170.0,0,204.0,0,18.0,0,0.0,0,2.0,0,157.0,0,10060.0,0,75.0,0,8.0,0,0,Friday,0
2023-07-29,350,2023-07-29,211.0,0,159.0,0,204.0,0,56.0,0,0.0,0,0.0,0,213.0,0,10065.0,0,66.0,0,6.0,0,1,Saturday,0
2023-07-30,309,2023-07-30,203.0,0,145.0,0,178.0,0,28.0,0,0.0,0,72.0,0,126.0,0,10107.0,0,79.0,0,7.0,0,1,Sunday,0
2023-07-31,347,2023-07-31,245.0,0,165.0,0,184.0,0,26.0,0,0.0,0,8.0,0,115.0,0,10045.0,0,83.0,0,6.0,0,0,Monday,0
2023-08-01,345,2023-08-01,212.0,0,139.0,0,192.0,0,55.0,0,0.0,0,76.0,0,218.0,0,10013.0,0,73.0,0,6.0,0,0,Tuesday,0
2023-08-02,369,2023-08-02,222.0,0,150.0,0,181.0,0,28.0,0,0.0,0,194.0,0,128.0,0,9886.0,0,89.0,0,7.0,0,0,Wednesday,0
2023-08-03,341,2023-08-03,204.0,0,147.0,0,184.0,0,58.0,0,0.0,0,0.0,0,198.0,0,10051.0,0,71.0,0,6.0,0,0,Thursday,0
2023-08-04,331,2023-08-04,190.0,0,140.0,0,172.0,0,9.0,0,0.0,0,16.0,0,150.0,0,10171.0,0,72.0,0,7.0,0,0,Friday,0
2023-08-05,340,2023-08-05,202.0,0,132.0,0,161.0,0,3.0,0,0.0,0,84.0,0,84.0,0,10081.0,0,86.0,0,8.0,0,1,Saturday,0
2023-08-06,340,2023-08-06,227.0,0,110.0,0,156.0,0,68.0,0,0.0,0,0.0,0,195.0,0,10169.0,0,71.0,0,3.0,0,1,Sunday,0
2023-08-07,326,2023-08-07,189.0,0,103.0,0,165.0,0,111.0,0,0.0,0,2.0,0,261.0,0,10194.0,0,66.0,0,2.0,0,0,Monday,0
2023-08-08,308,2023-08-08,250.0,0,119.0,0,154.0,0,0.0,0,0.0,0,32.0,0,74.0,0,10152.0,0,90.0,0,7.0,0,0,Tuesday,0
2023-08-09,359,2023-08-09,263.0,0,126.0,0,188.0,0,121.0,0,0.0,0,0.0,0,272.0,0,10180.0,0,72.0,0,2.0,0,0,Wednesday,0
2023-08-10,357,2023-08-10,253.0,0,139.0,0,201.0,0,105.0,0,0.0,0,0.0,0,248.0,0,10191.0,0,70.0,0,2.0,0,0,Thursday,0
2023-08-11,304,2023-08-11,225.0,0,177.0,0,215.0,0,51.0,0,0.0,0,0.0,0,182.0,0,10173.0,0,73.0,0,6.0,0,0,Friday,0
2023-08-12,346,2023-08-12,236.0,0,137.0,0,181.0,0,37.0,0,0.0,0,0.0,0,165.0,0,10145.0,0,76.0,0,6.0,0,1,Saturday,0
2023-08-13,329,2023-08-13,224.0,0,159.0,0,198.0,0,25.0,0,0.0,0,42.0,0,164.0,0,10138.0,0,71.0,0,8.0,0,1,Sunday,0
2023-08-14,334,2023-08-14,250.0,0,150.0,0,187.0,0,17.0,0,0.0,0,2.0,0,115.0,0,10110.0,0,84.0,0,8.0,0,0,Monday,0
2023-08-15,345,2023-08-15,263.0,0,123.0,0,186.0,0,94.0,0,0.0,0,0.0,0,253.0,0,10160.0,0,73.0,0,3.0,0,0,Tuesday,0
2023-08-16,364,2023-08-16,246.0,0,134.0,0,199.0,0,83.0,0,0.0,0,0.0,0,218.0,0,10202.0,0,67.0,0,1.0,0,0,Wednesday,0
2023-08-17,358,2023-08-17,242.0,0,154.0,0,200.0,0,70.0,0,0.0,0,20.0,0,196.0,0,10195.0,0,74.0,0,5.0,0,0,Thursday,0
2023-08-18,348,2023-08-18,247.0,0,178.0,0,210.0,0,29.0,0,0.0,0,30.0,0,137.0,0,10131.0,0,83.0,0,8.0,0,0,Friday,0
2023-08-19,353,2023-08-19,259.0,0,176.0,0,211.0,0,71.0,0,0.0,0,0.0,0,210.0,0,10140.0,0,74.0,0,5.0,0,1,Saturday,0
2023-08-20,380,2023-08-20,251.0,0,149.0,0,204.0,0,84.0,0,0.0,0,0.0,0,228.0,0,10218.0,0,74.0,0,3.0,0,1,Sunday,0
2023-08-21,343,2023-08-21,264.0,0,146.0,0,199.0,0,77.0,0,0.0,0,0.0,0,233.0,0,10232.0,0,74.0,0,5.0,0,0,Monday,0
2023-08-22,339,2023-08-22,276.0,0,149.0,0,206.0,0,91.0,0,0.0,0,0.0,0,241.0,0,10206.0,0,70.0,0,3.0,0,0,Tuesday,0
2023-08-23,375,2023-08-23,246.0,0,148.0,0,212.0,0,104.0,0,0.0,0,4.0,0,254.0,0,10195.0,0,66.0,0,4.0,0,0,Wednesday,0
2023-08-24,386,2023-08-24,221.0,0,166.0,0,206.0,0,19.0,0,0.0,0,0.0,0,120.0,0,10121.0,0,75.0,0,6.0,0,0,Thursday,0
2023-08-25,310,2023-08-25,211.0,0,139.0,0,180.0,0,60.0,0,0.0,0,0.0,0,196.0,0,10099.0,0,63.0,0,7.0,0,0,Friday,0
2023-08-26,339,2023-08-26,214.0,0,117.0,0,164.0,0,42.0,0,0.0,0,10.0,0,154.0,0,10087.0,0,78.0,0,5.0,0,1,Saturday,0
2023-08-27,303,2023-08-27,210.0,0,105.0,0,159.0,0,73.0,0,0.0,0,2.0,0,189.0,0,10109.0,0,73.0,0,4.0,0,1,Sunday,0
2023-08-28,330,2023-08-28,215.0,0,120.0,0,165.0,0,48.0,0,0.0,0,0.0,0,166.0,0,10147.0,0,70.0,0,6.0,0,0,Monday,1
2023-08-29,345,2023-08-29,211.0,0,144.0,0,179.0,0,22.0,0,0.0,0,4.0,0,132.0,0,10121.0,0,72.0,0,8.0,0,0,Tuesday,0
2023-08-30,368,2023-08-30,173.0,0,105.0,0,158.0,0,55.0,0,0.0,0,0.0,0,178.0,0,10088.0,0,68.0,0,5.0,0,0,Wednesday,0
2023-08-31,307,2023-08-31,229.0,0,113.0,0,143.0,0,1.0,0,0.0,0,12.0,0,85.0,0,10098.0,0,83.0,0,8.0,0,0,Thursday,0
2023-09-01,383,2023-09-01,244.0,0,140.0,0,184.0,0,28.0,0,0.0,0,2.0,0,128.0,0,10108.0,0,85.0,0,6.0,0,0,Friday,0
2023-09-02,387,2023-09-02,268.0,0,168.0,0,206.0,0,36.0,0,0.0,0,0.0,0,146.0,0,10207.0,0,78.0,0,5.0,0,1,Saturday,0
2023-09-03,375,2023-09-03,300.0,0,134.0,0,201.0,0,112.0,0,0.0,0,0.0,0,227.0,0,10266.0,0,73.0,0,0.0,0,1,Sunday,0
2023-09-04,390,2023-09-04,305.0,0,161.0,0,231.0,0,114.0,0,0.0,0,0.0,0,232.0,0,10225.0,0,65.0,0,1.0,0,0,Monday,0
2023-09-05,390,2023-09-05,316.0,0,158.0,0,231.0,0,113.0,0,0.0,0,0.0,0,219.0,0,10174.0,0,64.0,0,0.0,0,0,Tuesday,0
2023-09-06,414,2023-09-06,323.0,0,167.0,0,241.0,0,99.0,0,0.0,0,0.0,0,187.0,0,10186.0,0,63.0,0,0.0,0,0,Wednesday,0
2023-09-07,396,2023-09-07,305.0,0,187.0,0,255.0,0,106.0,0,0.0,0,0.0,0,212.0,0,10169.0,0,63.0,0,1.0,0,0,Thursday,0
2023-09-08,456,2023-09-08,330.0,0,189.0,0,247.0,0,35.0,0,0.0,0,0.0,0,141.0,0,10164.0,0,63.0,0,6.0,0,0,Friday,0
2023-09-09,454,2023-09-09,303.0,0,188.0,0,259.0,0,108.0,0,0.0,0,0.0,0,198.0,0,10157.0,0,58.0,0,2.0,0,1,Saturday,0
2023-09-10,424,2023-09-10,265.0,0,189.0,0,246.0,0,57.0,0,0.0,0,0.0,0,125.0,0,10148.0,0,71.0,0,2.0,0,1,Sunday,0
2023-09-11,351,2023-09-11,242.0,0,186.0,0,226.0,0,41.0,0,0.0,0,0.0,0,151.0,0,10134.0,0,73.0,0,6.0,0,0,Monday,0
2023-09-12,346,2023-09-12,216.0,0,175.0,0,209.0,0,4.0,0,0.0,0,72.0,0,94.0,0,10140.0,0,81.0,0,8.0,0,0,Tuesday,0
2023-09-13,352,2023-09-13,244.0,0,139.0,0,178.0,0,35.0,0,0.0,0,0.0,0,121.0,0,10212.0,0,71.0,0,7.0,0,0,Wednesday,0
2023-09-14,374,2023-09-14,258.0,0,132.0,0,188.0,0,103.0,0,0.0,0,0.0,0,204.0,0,10206.0,0,68.0,0,2.0,0,0,Thursday,0
2023-09-15,382,2023-09-15,270.0,0,116.0,0,187.0,0,78.0,0,0.0,0,0.0,0,161.0,0,10147.0,0,71.0,0,1.0,0,0,Friday,0
2023-09-16,361,2023-09-16,226.0,0,139.0,0,204.0,0,68.0,0,0.0,0,0.0,0,153.0,0,10131.0,0,68.0,0,3.0,0,1,Saturday,0
2023-09-17,353,2023-09-17,210.0,0,161.0,0,194.0,0,9.0,0,0.0,0,148.0,0,77.0,0,10103.0,0,85.0,0,7.0,0,1,Sunday,0
2023-09-18,400,2023-09-18,202.0,0,158.0,0,184.0,0,38.0,0,0.0,0,6.0,0,114.0,0,10025.0,0,80.0,0,6.0,0,0,Monday,0
2023-09-19,350,2023-09-19,209.0,0,125.0,0,164.0,0,0.0,0,0.0,0,0.0,0,56.0,0,10059.0,0,79.0,0,7.0,0,0,Tuesday,0
2023-09-20,473,2023-09-20,189.0,0,162.0,0,186.0,0,4.0,0,0.0,0,268.0,0,47.0,0,9985.0,0,83.0,0,8.0,0,0,Wednesday,0
2023-09-21,407,2023-09-21,187.0,0,109.0,0,149.0,0,69.0,0,0.0,0,60.0,0,145.0,0,9958.0,0,83.0,0,5.0,0,0,Thursday,0
2023-09-22,370,2023-09-22,191.0,0,103.0,0,145.0,0,64.0,0,0.0,0,2.0,0,138.0,0,10018.0,0,80.0,0,5.0,0,0,Friday,0
2023-09-23,366,2023-09-23,217.0,0,83.0,0,137.0,0,72.0,0,0.0,0,0.0,0,163.0,0,10158.0,0,71.0,0,2.0,0,1,Saturday,0
2023-09-24,302,2023-09-24,228.0,0,111.0,0,164.0,0,9.0,0,0.0,0,2.0,0,97.0,0,10177.0,0,74.0,0,6.0,0,1,Sunday,0
2023-09-25,320,2023-09-25,234.0,0,157.0,0,192.0,0,82.0,0,0.0,0,0.0,0,167.0,0,10187.0,0,74.0,0,5.0,0,0,Monday,0
2023-09-26,353,2023-09-26,218.0,0,120.0,0,177.0,0,46.0,0,0.0,0,0.0,0,124.0,0,10171.0,0,79.0,0,6.0,0,0,Tuesday,0
2023-09-27,375,2023-09-27,196.0,0,134.0,0,176.0,0,10.0,0,0.0,0,0.0,0,80.0,0,10135.0,0,81.0,0,7.0,0,0,Wednesday,0
2023-09-28,332,2023-09-28,204.0,0,153.0,0,174.0,0,8.0,0,0.0,0,34.0,0,77.0,0,10129.0,0,73.0,0,7.0,0,0,Thursday,0
2023-09-29,361,2023-09-29,201.0,0,153.0,0,179.0,0,82.0,0,0.0,0,0.0,0,162.0,0,10182.0,0,74.0,0,5.0,0,0,Friday,0
2023-09-30,386,2023-09-30,222.0,0,116.0,0,158.0,0,49.0,0,0.0,0,0.0,0,125.0,0,10244.0,0,76.0,0,7.0,0,1,Saturday,0
2023-10-01,359,2023-10-01,191.0,0,146.0,0,184.0,0,2.0,0,0.0,0,0.0,0,63.0,0,10202.0,0,84.0,0,6.0,0,1,Sunday,0
2023-10-02,376,2023-10-02,193.0,0,155.0,0,173.0,0,0.0,0,0.0,0,12.0,0,38.0,0,10158.0,0,92.0,0,8.0,0,0,Monday,0
2023-10-03,361,2023-10-03,190.0,0,120.0,0,157.0,0,70.0,0,0.0,0,0.0,0,128.0,0,10191.0,0,76.0,0,5.0,0,0,Tuesday,0
2023-10-04,369,2023-10-04,199.0,0,110.0,0,150.0,0,26.0,0,0.0,0,0.0,0,104.0,0,10260.0,0,75.0,0,6.0,0,0,Wednesday,0
2023-10-05,348,2023-10-05,217.0,0,132.0,0,166.0,0,19.0,0,0.0,0,0.0,0,89.0,0,10244.0,0,73.0,0,7.0,0,0,Thursday,0
2023-10-06,343,2023-10-06,254.0,0,135.0,0,176.0,0,61.0,0,0.0,0,0.0,0,120.0,0,10232.0,0,78.0,0,5.0,0,0,Friday,0
2023-10-07,364,2023-10-07,255.0,0,143.0,0,199.0,0,73.0,0,0.0,0,0.0,0,132.0,0,10231.0,0,75.0,0,2.0,0,1,Saturday,0
2023-10-08,366,2023-10-08,247.0,0,120.0,0,188.0,0,84.0,0,0.0,0,0.0,0,0.0,1,10241.0,0,73.0,0,3.0,0,1,Sunday,0
2023-10-09,429,2023-10-09,232.0,0,127.0,0,187.0,0,69.0,0,0.0,0,0.0,0,119.0,0,10215.0,0,76.0,0,2.0,0,0,Monday,0
2023-10-10,356,2023-10-10,202.0,0,133.0,0,182.0,0,80.0,0,0.0,0,0.0,0,127.0,0,10172.0,0,82.0,0,2.0,0,0,Tuesday,0
2023-10-11,376,2023-10-11,197.0,0,144.0,0,173.0,0,1.0,0,0.0,0,92.0,0,54.0,0,10128.0,0,85.0,0,8.0,0,0,Wednesday,0
2023-10-12,397,2023-10-12,207.0,0,124.0,0,161.0,0,0.0,0,0.0,0,114.0,0,33.0,0,10117.0,0,95.0,0,8.0,0,0,Thursday,0
2023-10-13,411,2023-10-13,139.0,1,128.0,0,168.0,1,16.0,0,0.0,0,44.0,0,58.0,0,10021.0,0,87.0,0,7.0,0,0,Friday,0
2023-10-14,385,2023-10-14,114.0,0,71.0,0,105.0,0,63.0,0,0.0,0,4.0,0,108.0,0,10173.0,0,77.0,0,1.0,0,1,Saturday,0
2023-10-15,370,2023-10-15,127.0,0,32.0,0,73.0,0,94.0,0,0.0,0,0.0,0,135.0,0,10258.0,0,71.0,0,1.0,0,1,Sunday,0
2023-10-16,390,2023-10-16,153.0,0,17.0,0,72.0,0,30.0,0,0.0,0,0.0,0,84.0,0,10218.0,0,78.0,0,7.0,0,0,Monday,0
2023-10-17,381,2023-10-17,172.0,0,65.0,0,109.0,0,47.0,0,0.0,0,0.0,0,95.0,0,10139.0,0,67.0,0,6.0,0,0,Tuesday,0
2023-10-18,365,2023-10-18,188.0,0,111.0,0,142.0,0,0.0,0,0.0,0,104.0,0,31.0,0,9946.0,0,84.0,0,8.0,0,0,Wednesday,0
2023-10-19,430,2023-10-19,187.0,0,125.0,0,157.0,0,7.0,0,0.0,0,360.0,0,53.0,0,9836.0,0,90.0,0,8.0,0,0,Thursday,0
2023-10-20,416,2023-10-20,179.0,0,141.0,0,164.0,0,22.0,0,0.0,0,6.0,0,64.0,0,9767.0,0,90.0,0,7.0,0,0,Friday,0
2023-10-21,380,2023-10-21,168.0,0,115.0,0,147.0,0,15.0,0,0.0,0,44.0,0,60.0,0,9850.0,0,91.0,0,7.0,0,1,Saturday,0
2023-10-22,395,2023-10-22,152.0,0,68.0,0,118.0,0,79.0,0,0.0,0,0.0,0,110.0,0,10052.0,0,81.0,0,2.0,0,1,Sunday,0
2023-10-23,330,2023-10-23,160.0,0,66.0,0,109.0,0,13.0,0,0.0,0,36.0,0,62.0,0,10073.0,0,87.0,0,5.0,0,0,Monday,0
2023-10-24,353,2023-10-24,153.0,0,96.0,0,128.0,0,43.0,0,0.0,0,14.0,0,87.0,0,10010.0,0,85.0,0,5.0,0,0,Tuesday,0
2023-10-25,367,2023-10-25,170.0,0,83.0,0,118.0,0,36.0,0,0.0,0,46.0,0,77.0,0,9960.0,0,86.0,0,7.0,0,0,Wednesday,0
2023-10-26,332,2023-10-26,151.0,0,88.0,0,129.0,0,37.0,0,0.0,0,2.0,0,76.0,0,9912.0,0,88.0,0,5.0,0,0,Thursday,0
2023-10-27,352,2023-10-27,158.0,0,68.0,0,109.0,0,30.0,0,0.0,0,4.0,0,70.0,0,9903.0,0,89.0,0,5.0,0,0,Friday,0
2023-10-28,353,2023-10-28,122.0,0,81.0,0,119.0,0,28.0,0,0.0,0,136.0,0,67.0,0,9875.0,0,91.0,0,7.0,0,1,Saturday,0
2023-10-29,369,2023-10-29,159.0,0,88.0,0,105.0,0,19.0,0,0.0,0,52.0,0,38.0,0,9883.0,0,89.0,0,5.0,0,1,Sunday,0
2023-10-30,363,2023-10-30,162.0,0,88.0,0,123.0,0,40.0,0,0.0,0,2.0,0,65.0,0,9954.0,0,86.0,0,4.0,0,0,Monday,0
2023-10-31,362,2023-10-31,146.0,0,46.0,0,104.0,0,25.0,0,0.0,0,96.0,0,63.0,0,10003.0,0,91.0,0,7.0,0,0,Tuesday,0
2023-11-01,385,2023-11-01,113.0,1,99.0,0,122.0,1,29.0,0,0.0,0,150.0,0,56.0,0,9909.0,0,86.0,0,6.0,0,0,Wednesday,0
2023-11-02,364,2023-11-02,151.0,0,90.0,0,102.0,0,0.0,0,0.0,0,56.0,0,22.0,0,9668.0,0,89.0,0,8.0,0,0,Thursday,0
2023-11-03,388,2023-11-03,142.0,0,77.0,0,114.0,0,17.0,0,0.0,0,50.0,0,45.0,0,9820.0,0,82.0,0,5.0,0,0,Friday,0
2023-11-04,396,2023-11-04,138.0,0,34.0,0,88.0,0,22.0,0,0.0,0,32.0,0,48.0,0,9703.0,0,91.0,0,5.0,0,1,Saturday,0
2023-11-05,465,2023-11-05,138.0,0,69.0,0,103.0,0,60.0,0,0.0,0,0.0,0,74.0,0,9808.0,0,82.0,0,5.0,0,1,Sunday,0
2023-11-06,404,2023-11-06,134.0,0,72.0,0,105.0,0,69.0,0,0.0,0,0.0,0,78.0,0,9986.0,0,81.0,0,1.0,0,0,Monday,0
2023-11-07,377,2023-11-07,131.0,0,55.0,0,94.0,0,48.0,0,0.0,0,14.0,0,64.0,0,10084.0,0,85.0,0,1.0,0,0,Tuesday,0
2023-11-08,353,2023-11-08,123.0,0,61.0,0,96.0,0,0.0,0,0.0,0,40.0,0,20.0,0,10048.0,0,90.0,0,8.0,0,0,Wednesday,0
2023-11-09,347,2023-11-09,98.0,0,50.0,0,87.0,0,32.0,0,0.0,0,22.0,0,52.0,0,9971.0,0,83.0,0,6.0,0,0,Thursday,0
2023-11-10,347,2023-11-10,113.0,0,62.0,0,80.0,0,4.0,0,0.0,0,14.0,0,27.0,0,9966.0,0,86.0,0,5.0,0,0,Friday,0
2023-11-11,411,2023-11-11,153.0,0,19.0,0,66.0,0,63.0,0,0.0,0,0.0,0,69.0,0,10070.0,0,86.0,0,1.0,0,1,Saturday,0
2023-11-12,429,2023-11-12,162.0,0,29.0,0,91.0,0,0.0,0,0.0,0,156.0,0,19.0,0,10038.0,0,94.0,0,7.0,0,1,Sunday,0
2023-11-13,429,2023-11-13,131.0,0,70.0,0,116.0,0,33.0,0,0.0,0,0.0,0,50.0,0,9988.0,0,80.0,0,6.0,0,0,Monday,0
2023-11-14,363,2023-11-14,122.0,0,109.0,0,120.0,0,9.0,0,0.0,0,106.0,0,31.0,0,10047.0,0,87.0,0,3.0,0,0,Tuesday,0
2023-11-15,377,2023-11-15,87.0,1,79.0,0,101.0,1,58.0,0,0.0,0,0.0,0,63.0,0,10163.0,0,82.0,0,2.0,0,0,Wednesday,0
2023-11-16,350,2023-11-16,128.0,0,44.0,0,65.0,0,0.0,0,0.0,0,10.0,0,18.0,0,10142.0,0,92.0,0,8.0,0,0,Thursday,0
2023-11-17,366,2023-11-17,156.0,0,30.0,0,79.0,0,55.0,0,0.0,0,36.0,0,60.0,0,10198.0,0,87.0,0,4.0,0,0,Friday,0
2023-11-18,411,2023-11-18,147.0,0,56.0,0,106.0,0,0.0,0,0.0,0,4.0,0,17.0,0,10113.0,0,91.0,0,8.0,0,1,Saturday,0
2023-11-19,329,2023-11-19,127.0,1,112.0,0,129.0,1,9.0,0,0.0,0,6.0,0,29.0,0,10078.0,0,80.0,0,6.0,0,1,Sunday,0
2023-11-20,340,2023-11-20,109.0,0,81.0,0,104.0,0,14.0,0,0.0,0,2.0,0,32.0,0,10097.0,0,85.0,0,6.0,0,0,Monday,0
2023-11-21,352,2023-11-21,114.0,0,89.0,0,99.0,0,0.0,0,0.0,0,4.0,0,16.0,0,10230.0,0,86.0,0,8.0,0,0,Tuesday,0
2023-11-22,388,2023-11-22,137.0,0,52.0,0,83.0,0,0.0,0,0.0,0,0.0,0,16.0,0,10300.0,0,88.0,0,6.0,0,0,Wednesday,0
2023-11-23,353,2023-11-23,93.0,1,68.0,0,102.0,1,45.0,0,0.0,0,0.0,0,50.0,0,10252.0,0,86.0,0,4.0,0,0,Thursday,0
2023-11-24,345,2023-11-24,66.0,1,88.0,1,91.0,1,22.0,0,0.0,0,0.0,0,36.0,0,10217.0,0,64.0,0,5.0,0,0,Friday,0
2023-11-25,442,2023-11-25,99.0,0,-4.0,0,31.0,0,67.0,0,0.0,0,0.0,0,60.0,0,10217.0,0,75.0,0,2.0,0,1,Saturday,0
2023-11-26,366,2023-11-26,100.0,0,-13.0,0,43.0,0,0.0,0,0.0,0,60.0,0,15.0,0,10153.0,0,94.0,0,7.0,0,1,Sunday,0
2023-11-27,376,2023-11-27,80.0,0,8.0,0,54.0,0,0.0,0,0.0,0,20.0,0,15.0,0,10007.0,0,92.0,0,8.0,0,0,Monday,0
2023-11-28,355,2023-11-28,76.0,0,37.0,0,58.0,0,42.0,0,0.0,0,2.0,0,46.0,0,10094.0,0,85.0,0,4.0,0,0,Tuesday,0
2023-11-29,390,2023-11-29,42.0,1,20.0,0,48.0,1,42.0,0,0.0,0,0.0,0,45.0,0,10051.0,0,84.0,0,6.0,0,0,Wednesday,0
2023-11-30,389,2023-11-30,40.0,0,-23.0,0,9.0,0,9.0,0,0.0,0,0.0,0,25.0,0,10033.0,0,88.0,0,2.0,0,0,Thursday,0
2023-12-01,420,2023-12-01,56.0,0,-14.0,0,13.0,0,13.0,0,0.0,0,0.0,0,26.0,0,10086.0,0,90.0,0,4.0,0,0,Friday,0
2023-12-02,445,2023-12-02,86.0,0,-14.0,0,21.0,0,0.0,0,0.0,0,4.0,0,13.0,0,10161.0,0,96.0,0,8.0,0,1,Saturday,0
2023-12-03,391,2023-12-03,80.0,0,-31.0,0,28.0,0,0.0,0,0.0,0,76.0,0,13.0,0,10104.0,0,94.0,0,8.0,0,1,Sunday,0
2023-12-04,365,2023-12-04,73.0,0,55.0,0,68.0,0,0.0,0,0.0,0,34.0,0,13.0,0,9974.0,0,95.0,0,8.0,0,0,Monday,0
2023-12-05,360,2023-12-05,72.0,0,55.0,0,64.0,0,0.0,0,0.0,0,4.0,0,13.0,0,10085.0,0,92.0,0,8.0,0,0,Tuesday,0
2023-12-06,373,2023-12-06,89.0,0,8.0,0,40.0,0,53.0,0,0.0,0,12.0,0,45.0,0,10175.0,0,92.0,0,3.0,0,0,Wednesday,0
2023-12-07,361,2023-12-07,118.0,0,13.0,0,51.0,0,0.0,0,0.0,0,28.0,0,13.0,0,10073.0,0,89.0,0,8.0,0,0,Thursday,0
2023-12-08,388,2023-12-08,134.0,0,57.0,0,88.0,0,36.0,0,0.0,0,66.0,0,37.0,0,10045.0,0,88.0,0,4.0,0,0,Friday,0
2023-12-09,388,2023-12-09,125.0,0,76.0,0,105.0,0,9.0,0,0.0,0,32.0,0,22.0,0,9969.0,0,82.0,0,6.0,0,1,Saturday,0
2023-12-10,373,2023-12-10,115.0,0,75.0,0,100.0,0,5.0,0,0.0,0,24.0,0,18.0,0,10017.0,0,82.0,0,4.0,0,1,Sunday,0
2023-12-11,401,2023-12-11,116.0,0,88.0,0,102.0,0,17.0,0,0.0,0,62.0,0,26.0,0,10036.0,0,79.0,0,6.0,0,0,Monday,0
2023-12-12,377,2023-12-12,82.0,1,62.0,0,89.0,1,10.0,0,0.0,0,26.0,0,22.0,0,9979.0,0,94.0,0,7.0,0,0,Tuesday,0
2023-12-13,342,2023-12-13,85.0,0,76.0,0,79.0,0,0.0,0,0.0,0,6.0,0,12.0,0,10032.0,0,89.0,0,8.0,0,0,Wednesday,0
2023-12-14,371,2023-12-14,105.0,0,25.0,0,55.0,0,0.0,0,0.0,0,6.0,0,12.0,0,10219.0,0,91.0,0,7.0,0,0,Thursday,0
2023-12-15,372,2023-12-15,115.0,0,40.0,0,72.0,0,0.0,0,0.0,0,0.0,0,12.0,0,10358.0,0,82.0,0,6.0,0,0,Friday,0
2023-12-16,374,2023-12-16,121.0,0,55.0,0,85.0,0,0.0,0,0.0,0,0.0,0,12.0,0,10388.0,0,90.0,0,8.0,0,1,Saturday,0
2023-12-17,330,2023-12-17,128.0,0,93.0,0,107.0,0,16.0,0,0.0,0,0.0,0,25.0,0,10343.0,0,80.0,0,8.0,0,1,Sunday,0
2023-12-18,377,2023-12-18,123.0,0,93.0,0,111.0,0,0.0,0,0.0,0,62.0,0,12.0,0,10284.0,0,82.0,0,8.0,0,0,Monday,0
2023-12-19,367,2023-12-19,124.0,0,106.0,0,114.0,0,0.0,0,0.0,0,84.0,0,12.0,0,10205.0,0,92.0,0,6.0,0,0,Tuesday,0
2023-12-20,351,2023-12-20,144.0,0,39.0,0,82.0,0,10.0,0,0.0,0,0.0,0,22.0,0,10185.0,0,85.0,0,5.0,0,0,Wednesday,0
2023-12-21,387,2023-12-21,126.0,0,73.0,0,108.0,0,3.0,0,0.0,0,6.0,0,16.0,0,10085.0,0,73.0,0,7.0,0,0,Thursday,0
2023-12-22,386,2023-12-22,136.0,0,88.0,0,107.0,0,0.0,0,0.0,0,0.0,0,12.0,0,10131.0,0,74.0,0,7.0,0,0,Friday,0
2023-12-23,352,2023-12-23,153.0,0,84.0,0,110.0,0,12.0,0,0.0,0,8.0,0,23.0,0,10134.0,0,78.0,0,7.0,0,1,Saturday,0
2023-12-24,353,2023-12-24,129.0,0,102.0,0,128.0,0,0.0,0,0.0,0,28.0,0,12.0,0,10065.0,0,85.0,0,8.0,0,1,Sunday,0
2023-12-25,395,2023-12-25,121.0,1,116.0,0,122.0,1,0.0,0,0.0,0,18.0,0,12.0,0,10074.0,0,90.0,0,8.0,0,0,Monday,1
2023-12-26,324,2023-12-26,124.0,0,62.0,0,92.0,0,12.0,0,0.0,0,12.0,0,23.0,0,10154.0,0,83.0,0,5.0,0,0,Tuesday,1
2023-12-27,286,2023-12-27,126.0,0,55.0,0,89.0,0,0.0,0,0.0,0,46.0,0,12.0,0,10067.0,0,89.0,0,8.0,0,0,Wednesday,0
2023-12-28,317,2023-12-28,119.0,0,97.0,0,112.0,0,2.0,0,0.0,0,48.0,0,15.0,0,10051.0,0,81.0,0,7.0,0,0,Thursday,0
2023-12-29,290,2023-12-29,122.0,0,92.0,0,106.0,0,7.0,0,0.0,0,0.0,0,20.0,0,10071.0,0,78.0,0,6.0,0,0,Friday,0
2023-12-30,343,2023-12-30,107.0,0,56.0,0,89.0,0,0.0,0,0.0,0,56.0,0,12.0,0,10046.0,0,87.0,0,7.0,0,1,Saturday,0
